"Year","Month","Day_of_month","Global_active_power (Sum)","Sub_metering_1 (Sum)","Sub_metering_2 (Sum)","Sub_metering_3 (Sum)","Sub_metering_other (Sum)"
2006,12,16,1209.176,0,546,4926,14680.934
2006,12,17,3390.46,2033,4187,13341,36946.672
2006,12,18,2203.826,1063,2621,14018,19028.44
2006,12,19,1666.194,839,7602,6197,13131.892
2006,12,20,2225.748,0,2648,14063,20384.795
2006,12,21,1718.807,1767.244,2625.597,10433.917,13820.033
2006,12,22,2341.338,3151,350,11131,24390.292
2006,12,23,4773.386,2669,425,14726,61736.431
2006,12,24,2550.012,1703,5082,6891,28824.205
2006,12,25,2743.12,6620,1962,5795,31341.671
2006,12,26,3934.11,1086,2533,14979,46970.509
2006,12,27,1528.76,0,314,6976,18189.315
2006,12,28,2072.638,2207,4419,9176,18741.946
2006,12,29,3174.392,1252,5162,11329,35163.532
2006,12,30,2791.485,3074.244,7893.597,12492.917,23064.003
2006,12,31,3494.196,0,347,6502,51387.597
2007,1,1,2749.004,0,352,5880,39584.729
2007,1,2,1269.236,0,348,6562,14243.933
2007,1,3,1014.054,0,344,4765,11791.908
2007,1,4,3259.412,1051,7597,10896,34779.539
2007,1,5,2713.364,1483,379,7602,35758.714
2007,1,6,1508.378,1336,402,5678,17723.628
2007,1,7,2447.62,1987,8177,12810,17819.668
2007,1,8,2241.36,0,467,17547,19342
2007,1,9,1869.054,1688,4267,9790,15405.911
2007,1,10,2154.8,771,4456,11012,19674.336
2007,1,11,2255.194,1378,2170,12415,21623.551
2007,1,12,1461.296,0,439,8276,15639.923
2007,1,13,3186.814,7806,2975,11341,30991.528
2007,1,14,3008.908,1778.122,4216.299,12981.458,31172.58
2007,1,15,2148.678,1099,2239,15163,17310.31
2007,1,16,1686.404,2063,644,6583,18816.719
2007,1,17,2847.688,3500,5737,16064,22160.482
2007,1,18,1821.462,0,336,13491,16530.692
2007,1,19,1480.44,2103,330,7172,15069.008
2007,1,20,3133.732,4324,5222,11440,31242.858
2007,1,21,3407.262,10346,5567,11599,29275.706
2007,1,22,2180.494,1054,2983,11361,20943.566
2007,1,23,1777.64,0,1064,5061,23502.31
2007,1,24,2987.854,3464,2480,11744,32109.565
2007,1,25,1596.344,1158,262,11239,13946.743
2007,1,26,1617.972,1163,261,8238,17304.209
2007,1,27,2044.072,1170,3896,12374,16627.873
2007,1,28,3091.296,3467.122,3998.299,12051.458,32004.722
2007,1,29,1982.664,1123,294,15254,16373.39
2007,1,30,1707.798,1123,1424,8149,17767.287
2007,1,31,2363.752,0,5950,15052,18393.863
2007,2,1,1824.76,1170,386,13145,15711.675
2007,2,2,1667.736,0,356,11338,16101.598
2007,2,3,4029.722,4746,4573,17834,40009.04
2007,2,4,3595.94,3391,4597,14472,37472.349
2007,2,5,1645.28,896,2564,7849,16112.346
2007,2,6,1273.48,1185,405,4517,15117.666
2007,2,7,2328.018,3299,3513,11986,20002.308
2007,2,8,1801.414,2226,366,10157,17274.548
2007,2,9,1620.198,0,3045,9770,14188.32
2007,2,10,2829.328,5071,2831,14405,24848.456
2007,2,11,3571.228,2430,4765,13114,39211.475
2007,2,12,1877.61,2227,399,11517,17150.484
2007,2,13,1414.546,0,2828,6256,14491.763
2007,2,14,2498.672,3295,3793,11579,22977.54
2007,2,15,1985.346,0,2363,14028,16698.104
2007,2,16,1702.528,1148,859,8689,17679.474
2007,2,17,2076.912,1765,2226,7157,23467.21
2007,2,18,3829.762,6107,8003,13129,36590.374
2007,2,19,2186.614,1634,2900,13085,18824.57
2007,2,20,3149.928,2058,5191,9713,35536.809
2007,2,21,2072.874,3527,2332,11548,17140.913
2007,2,22,3371.661,1411.244,4131.597,12263.917,38387.603
2007,2,23,1313.48,0,503,10786,10602.326
2007,2,24,714.922,0,363,3562,7990.379
2007,2,25,501.74,0,329,1660,6373.328
2007,2,26,568.484,0,331,2830,6313.727
2007,2,27,518.112,0,314,1924,6397.19
2007,2,28,520.774,0,340,1973,6366.558
2007,3,1,517.564,0,316,1980,6330.037
2007,3,2,515.688,0,340,1969,6285.803
2007,3,3,819.122,0,347,4597,8708.021
2007,3,4,2090.7,1476,8711,9408,15249.988
2007,3,5,2660.332,5727,12109,10026,16476.852
2007,3,6,1246.5,0,1740,4700,14335.005
2007,3,7,2375.206,1076,4761,15513,18236.763
2007,3,8,1572.132,2180,3385,6655,13982.192
2007,3,9,1272.612,1093,345,8631,11141.184
2007,3,10,2484.712,4130,5422,10979,20880.868
2007,3,11,3480.636,4810,3420,9500,40280.6
2007,3,12,1950.668,1403,2841,12353,15914.143
2007,3,13,1290.144,1350,3859,5323,10970.396
2007,3,14,1793.364,3485,480,8607,17317.399
2007,3,15,1884.814,0,3263,11036,17114.583
2007,3,16,1702.054,1106,4604,5370,17287.564
2007,3,17,2028.09,2208,359,12275,18959.53
2007,3,18,2371.046,6564,7369,5856,19728.431
2007,3,19,2152.518,1648,2686,14118,17423.307
2007,3,20,2086.228,3745,2837,11255,16933.457
2007,3,21,2142.092,1865,4133,12335,17368.54
2007,3,22,1454.978,353,736,10462,12698.647
2007,3,23,1309.008,1127,777,8369,11543.775
2007,3,24,2968.43,3707,5797,16382,23587.823
2007,3,25,3337.216,4631.122,3601.299,9364.458,38023.385
2007,3,26,1416.082,1088,344,9096,13073.35
2007,3,27,1105.14,0,3019,3697,11702.978
2007,3,28,2333.898,1122,8527,13888,15361.299
2007,3,29,1590.406,1162,460,10724,14160.789
2007,3,30,1402.394,1094,468,8217,13594.242
2007,3,31,3509.51,2620,7707,17682,30482.825
2007,4,1,2785.952,4629,5401,19509,16893.536
2007,4,2,1960.778,1755,970,16641,13313.611
2007,4,3,1642.82,3630,1042,7637,15071.334
2007,4,4,2051.868,3434,420,14748,15595.793
2007,4,5,1844.078,1086,4277,10523,14848.624
2007,4,6,1601.14,0,5466,9166,12053.663
2007,4,7,1553.924,1127,3111,5923,15737.743
2007,4,8,1608.816,0,485,3545,22783.599
2007,4,9,1000.92,2667,514,3801,9699.998
2007,4,10,777.364,209,742,2572,9433.062
2007,4,11,887.482,0,1112,6421,7258.36
2007,4,12,537.706,0,541,1818,6602.767
2007,4,13,551.022,0,558,1988,6637.745
2007,4,14,554.268,0,578,2008,6651.797
2007,4,15,726.164,0,1026,2893,8183.711
2007,4,16,952.39,952,1305,4656,8960.177
2007,4,17,1223.734,1532,389,6199,12275.536
2007,4,18,998.246,1579,355,3430,11273.433
2007,4,19,1028.658,733,1605,5748,9058.283
2007,4,20,822.58,1069,360,3499,8781.65
2007,4,21,1673.656,6575,463,11129,9727.254
2007,4,22,2233.714,4264,2287,11102,19575.565
2007,4,23,1054.566,1402,506,6005,9663.126
2007,4,24,1032.1,1125,527,6680,8869.676
2007,4,25,1264.162,0,1469,8812,10788.372
2007,4,26,1275.466,1324,1845,7163,10925.759
2007,4,27,1094.332,1772,545,4756,11165.877
2007,4,28,1571.74,1592.009,1860.6,9164.537,13578.951
2007,4,29,1571.926,1615.57,1869.869,9300.164,13413.6
2007,4,30,1363.977,2183.342,1621.921,6711.099,12216.851
2007,5,1,1663.858,4005,995,8546,14184.957
2007,5,2,1003.486,7,1490,3754,11473.766
2007,5,3,1090.238,1906,1725,7836,6703.631
2007,5,4,998.128,2259,538,3990,9848.485
2007,5,5,1563.052,2913,2493,11303,9341.875
2007,5,6,2102.104,3215,949,10095,20776.085
2007,5,7,1643.664,946,4935,9433,12080.377
2007,5,8,1789.292,4581,2011,8777,14452.542
2007,5,9,1665.736,3018,5631,9474,9639.261
2007,5,10,707.884,946,534,3261,7057.082
2007,5,11,979.154,926,491,6471,8431.218
2007,5,12,1441.566,2247,1075,10408,10296.072
2007,5,13,1634.738,3612,2414,8958,12261.631
2007,5,14,1467.782,3176,2417,5517,13353.041
2007,5,15,904.392,0,408,5318,9347.206
2007,5,16,1692.944,2213,5756,9077,11169.706
2007,5,17,1231.816,1014,2073,7687,9756.268
2007,5,18,1631.53,3270,3913,8116,11893.183
2007,5,19,1429.442,4683,530,7022,11589.049
2007,5,20,1968.328,5420,1733,7611,18041.47
2007,5,21,1120.062,0,468,9060,9139.701
2007,5,22,1132.852,931,3966,3984,9999.844
2007,5,23,1464.936,956,3792,8119,11548.603
2007,5,24,1154.388,955,4116,4746,9422.797
2007,5,25,1614.22,8060,586,6539,11718.672
2007,5,26,1512.248,2373,2754,8628,11449.145
2007,5,27,2153.808,4366,5534,10444,15552.799
2007,5,28,1637.468,4554,473,9586,12678.144
2007,5,29,1061.34,0,1907,4332,11449.996
2007,5,30,1609.866,2250,5948,7804,10829.119
2007,5,31,938.55,935,477,3552,10678.498
2007,6,1,1046.01,1.122,484.299,7670.458,9277.594
2007,6,2,1484.362,3971,1250,7633,11885.378
2007,6,3,2108.026,4985,7529,8334,14285.754
2007,6,4,911.618,1585,836,4533,8239.623
2007,6,5,1458.892,4484,1027,6448,12355.855
2007,6,6,1694.73,3330.122,830.299,11669.458,12415.619
2007,6,7,985.002,985,699,3959,10773.704
2007,6,8,2148.046,2799,11440,11380,10181.765
2007,6,9,1101.295,894.633,645.344,6835.421,9979.522
2007,6,10,1340.812,4202,1924,5983,10237.878
2007,6,11,794.654,0,487,5328,7429.248
2007,6,12,918.766,1882,475,3898,9057.768
2007,6,13,927.272,957,857,5216,8424.547
2007,6,14,1259.084,3322,2147,7054,8461.726
2007,6,15,989.604,2269,4011,4547,5666.43
2007,6,16,2017.762,3289,4498,11108,14734.424
2007,6,17,1947.09,4124,5038,8734,14555.518
2007,6,18,678.474,0,529,4241,6537.877
2007,6,19,844.543,975.244,537.597,4369.917,8192.949
2007,6,20,1074.286,1761,2588,5106,8449.772
2007,6,21,806.946,932,2400,3711,6406.115
2007,6,22,566.294,0,951,3482,5005.236
2007,6,23,477.566,0,786,2402,4771.446
2007,6,24,714.656,0,791,3449,7670.93
2007,6,25,1072.202,1985,3621,4816,7448.01
2007,6,26,944.908,971,1334,5231,8212.451
2007,6,27,1480.826,2603,6451,7270,8356.438
2007,6,28,1295.438,0,4368,9541,7681.643
2007,6,29,1305.29,4364.122,668.299,6803.458,9918.934
2007,6,30,1335.314,3049,792,8376,10038.22
2007,7,1,1026.664,969,736,4690,10716.052
2007,7,2,967.032,1018,5281,3445,6373.21
2007,7,3,1059.912,467,3214,4695,9289.176
2007,7,4,1003.41,2329,2218,5632,6544.52
2007,7,5,1057.29,2922,770,3973,9956.479
2007,7,6,1069.524,2826,3563,4005,7431.379
2007,7,7,1358.206,997,3047,10177,8415.787
2007,7,8,1089.08,1825,2831,5277,8218.324
2007,7,9,1180.158,923,594,9386,8766.31
2007,7,10,908.324,67,2227,4631,8213.756
2007,7,11,722.352,1015,647,5284,5093.201
2007,7,12,1069.582,1029,2550,6419,7828.386
2007,7,13,794.382,0,633,4427,8179.696
2007,7,14,1288.17,3775,1968,6604,9122.512
2007,7,15,1058.934,1007.85,800.808,6424.598,9415.675
2007,7,16,853.674,830,695,4176,8526.905
2007,7,17,719.632,848,694,3335,7116.87
2007,7,18,757.082,909,671,4628,6410.027
2007,7,19,677.886,1068,703,3130,6397.098
2007,7,20,1110.422,2111,2418,4765,9213.008
2007,7,21,1060.248,428,512,7756,8974.794
2007,7,22,1376.866,7092.122,2137.299,5569.458,8148.859
2007,7,23,991.018,1747,1288,3847,9634.936
2007,7,24,825.284,0,1607,5599,6548.771
2007,7,25,472.56,0,151,2333,5392.008
2007,7,26,924.5,975,3633,4346,6454.385
2007,7,27,1202.514,1837,49,7157,10998.923
2007,7,28,1621.862,907,10265,6559,9300.02
2007,7,29,321.116,0,0,1288,4063.943
2007,7,30,466.816,0,0,2528,5252.277
2007,7,31,812.332,3277,0,3575,6686.876
2007,8,1,1083.262,1606.56,27.269,9947.627,6472.901
2007,8,2,1019.416,482,0,6869,9639.246
2007,8,3,1063.364,958,0,9139,7625.718
2007,8,4,1144.99,552,398,7966,10167.184
2007,8,5,787.098,169,0,6647,6302.292
2007,8,6,1089.72,1096,0,7985,9081.007
2007,8,7,1483.58,437,2168,9042,13079.345
2007,8,8,1125.482,1055,1111,9660,6932.019
2007,8,9,1071.68,182,4515,6646,6518.313
2007,8,10,1028.01,336,2651,8287,5859.503
2007,8,11,1091.65,1180,910,10339,5765.129
2007,8,12,1241.904,1123,1156,8582,9837.359
2007,8,13,1153.012,93,476,11101,7546.868
2007,8,14,941.19,951,685,6256,7794.471
2007,8,15,1191.86,338,508,9787,9231.343
2007,8,16,958.496,962,0,7476,7536.922
2007,8,17,1009.892,244,0,7769,8818.483
2007,8,18,347.96,0,0,1830,3969.214
2007,8,19,1422.294,1025,8912,5989,7778.835
2007,8,20,1338.842,1032,6965,7383,6934.045
2007,8,21,642.556,0,38,3296,7375.261
2007,8,22,1209.808,3048,1836,7241,8038.427
2007,8,23,1112.312,2502,259,5342,10435.511
2007,8,24,1657.306,1892.122,3783.299,9950.458,11995.879
2007,8,25,1150.88,4149,2191,5678,7163.342
2007,8,26,1314.906,1541,3645,5658,11071.116
2007,8,27,1211.73,2305,1229,6344,10317.486
2007,8,28,997.004,1038,2468,5483,7627.728
2007,8,29,747.992,957,562,4932,6015.547
2007,8,30,1202.458,3822,2580,4221,9417.997
2007,8,31,1279.822,1200,666,8738,10726.356
2007,9,1,1701.486,2497,569,9733,15559.113
2007,9,2,1662.468,3613,1617,8806,13671.768
2007,9,3,1038.922,621,2515,5323,8856.39
2007,9,4,1584.944,2928,3501,9821,10165.713
2007,9,5,1236.572,0,4144,6705,9760.533
2007,9,6,901.474,0,3888,3461,7675.552
2007,9,7,1336.496,3632,551,9388,8703.901
2007,9,8,1469.752,3339,1801,9164,10191.817
2007,9,9,1679.502,2184,4438,9233,12136.67
2007,9,10,1117.376,935,595,5613,11479.928
2007,9,11,983.572,943,550,5792,9107.849
2007,9,12,1287.764,0,3217,7755,10490.736
2007,9,13,1146.382,1175,2523,3853,11555.41
2007,9,14,1135.47,901,676,5804,11543.505
2007,9,15,1095.312,0,1449,6464,10342.19
2007,9,16,1652.224,3118,3064,9310,12045.058
2007,9,17,1461.186,6651,926,6279,10497.104
2007,9,18,1167.52,1888,2029,5425,10116.634
2007,9,19,1298.684,0,2743,7937,10964.715
2007,9,20,1255.532,1056,489,9996,9384.518
2007,9,21,1238.78,3130,2745,6316,8455.281
2007,9,22,1176.172,944,1311,7688,9659.895
2007,9,23,1417.97,2831,1929,7382,11490.806
2007,9,24,1354.53,929,3935,7955,9756.487
2007,9,25,1764.342,916,2253,9820,16416.72
2007,9,26,1824.447,1060.244,9417.597,5673.917,14255.709
2007,9,27,1392.6,1066,643,7324,14177.025
2007,9,28,1680.498,996,3722,9952,13338.299
2007,9,29,2296.522,4085,7457,8190,18543.371
2007,9,30,1516.29,1405,582,10225,13059.497
2007,10,1,1720.922,1507,6622,5960,14593.021
2007,10,2,2198.864,508,8022,12815,15302.731
2007,10,3,1280.454,979,5024,3692,11645.912
2007,10,4,1518.458,2400,444,9710,12753.654
2007,10,5,1394.092,0,351,9425,13458.866
2007,10,6,1756.24,4840,347,9666,14417.664
2007,10,7,2106.114,2498,8255,10886,13462.9
2007,10,8,1095.242,0,420,5082,12752.026
2007,10,9,1687.858,2034,2147,9290,14659.987
2007,10,10,1166.972,1863,2117,3345,12124.536
2007,10,11,1732.446,2630,414,7806,18024.09
2007,10,12,1914.504,1020,5028,11659,14201.41
2007,10,13,1926.728,969,3799,8463,18881.152
2007,10,14,2061.252,2930,7494,7126,16804.193
2007,10,15,1266.33,1061,339,7654,12051.48
2007,10,16,1964.442,0,7871,9876,14993.685
2007,10,17,1576.93,1065,453,8968,15796.151
2007,10,18,1518.53,1162,317,9864,13965.843
2007,10,19,2085.648,1299,3124,11648,18689.797
2007,10,20,1660.246,2363,296,13225,11786.775
2007,10,21,1941.94,3712,4357,7313,16983.652
2007,10,22,1652.896,0,299,13027,14222.261
2007,10,23,1956.831,1069.244,5188.597,10692.917,15663.077
2007,10,24,1865.636,4459,364,9115,17155.929
2007,10,25,1853.918,1478,2433,7385,19602.64
2007,10,26,1437.568,0,348,5766,17845.481
2007,10,27,1785.688,1374,4856,8949,14582.484
2007,10,28,512.158,0,283,1765,6487.974
2007,10,29,545.428,0,269,2749,6072.452
2007,10,30,811.008,0,1935,4256,7325.817
2007,10,31,1283.21,0,4700,8915,7771.84
2007,11,1,496.216,0,293,1991,5986.274
2007,11,2,1443.602,1346,2115,12245,8354.016
2007,11,3,492.55,0,282,1936,5991.148
2007,11,4,1485.686,0,4387,7068,13306.449
2007,11,5,1500.592,1265,397,6583,16764.863
2007,11,6,2082.378,1105,5515,10690,17396.286
2007,11,7,1844.758,5042,301,6374,19028.976
2007,11,8,1501.06,1715,314,6500,16488.655
2007,11,9,2171.226,0,4573,15375,16239.113
2007,11,10,2611.6,3697,304,13767,25758.647
2007,11,11,1887.124,3445,320,6024,21663.067
2007,11,12,2156.146,1018,4165,13281,17471.768
2007,11,13,2214.398,978,4933,11076,19919.638
2007,11,14,2047.994,1055,295,16345,16438.231
2007,11,15,1491.988,1606,571,7503,15186.446
2007,11,16,2309.754,1991,4660,13564,18280.915
2007,11,17,2610.094,2588,2199,14990,23724.569
2007,11,18,2183.858,5201,2097,7066,22033.636
2007,11,19,1723.654,1089,253,10750,16635.573
2007,11,20,2095.856,1015,3954,11026,18935.917
2007,11,21,1752.928,1140.122,550.299,9461.458,18063.564
2007,11,22,1932.378,2867,297,9001,20041.294
2007,11,23,2522.618,2168,6181,13685,20009.629
2007,11,24,1899.054,1573,4131,13451,12495.896
2007,11,25,1395.598,3556,279,5678,13746.994
2007,11,26,1569.716,1088,288,8926,15859.93
2007,11,27,2801.012,1063,11020,15111,19489.538
2007,11,28,1644.94,1182,769,7810,17654.664
2007,11,29,1720.322,2032.122,284.299,8824.458,17531.162
2007,11,30,2331.728,0,7941,13601,17320.147
2007,12,1,3134.942,9356,353,17847,24693.043
2007,12,2,2946.188,2090,6915,10636,29462.125
2007,12,3,1762.06,1141,299,10428,17499.67
2007,12,4,2067.636,1012,5828,8561,19059.581
2007,12,5,2153.12,3422,295,10919,21249.331
2007,12,6,2487.934,4751,318,11908,24488.574
2007,12,7,1769.016,459,3710,10263,15051.583
2007,12,8,2213.404,1133,2354,12283,21120.049
2007,12,9,2274.584,4176,2428,8728,22577.734
2007,12,10,1758.754,1102,278,8281,19651.551
2007,12,11,2305.104,1050,3817,12740,20811.414
2007,12,12,1588.062,1152,254,7759,17302.684
2007,12,13,1847.746,1103,1448,8911,19333.777
2007,12,14,1974.808,980,3849,12941,15143.456
2007,12,15,2736.876,1706,3687,14313,25908.592
2007,12,16,2762.218,3410,2281,12929,27416.976
2007,12,17,1798.158,1637.122,244.299,10573.458,17514.417
2007,12,18,2623.194,1123,5810,11093,25693.897
2007,12,19,2196.052,1233,2658,11679,21030.866
2007,12,20,1949.758,1859,276,13592,16768.943
2007,12,21,1982.576,1191,200,12251,19400.928
2007,12,22,2611.264,3819,4550,12673,22479.061
2007,12,23,2409.048,1971,3091,11962,23126.802
2007,12,24,2257.848,2985,2316,14350,17979.796
2007,12,25,2694.968,4588,3368,9084,27876.14
2007,12,26,2580.28,1109,2773,9480,29642.681
2007,12,27,2532.198,4122,1490,7960,28631.297
2007,12,28,3113.052,1980,8554,15823,25527.189
2007,12,29,3298.956,4836,2434,14906,32806.588
2007,12,30,2558.916,3595,3597,13485,21971.576
2007,12,31,2216.542,0,3457,14071,19414.365
2008,1,1,2759.738,2461,2739,12355,28440.632
2008,1,2,1644.106,0,3094,8987,15320.755
2008,1,3,1510.108,1130,846,6671,16521.465
2008,1,4,2291.852,1241,5326,11752,19878.529
2008,1,5,2183.248,2113,286,14591,19397.483
2008,1,6,1825.184,1966,2445,7824,18184.712
2008,1,7,1695.814,1288,282,10294,16399.545
2008,1,8,2043.55,2197,3511,9793,18558.161
2008,1,9,1788.44,1162,284,8963,19398.323
2008,1,10,1894.076,1307,285,9992,19983.943
2008,1,11,1705.818,1261,290,7997,18882.287
2008,1,12,2871.408,5594,2621,11116,28525.784
2008,1,13,2882.748,6506.122,341.299,9368.458,31829.921
2008,1,14,2024.932,5918,339,9738,17753.876
2008,1,15,2686.912,782,6883,14512,22604.876
2008,1,16,2135.852,1162,3430,9391,21614.53
2008,1,17,1572.282,1007,350,8657,16190.692
2008,1,18,2186.988,1034,846,14983,19586.806
2008,1,19,1980.306,2521,6054,8015,16415.086
2008,1,20,1740.368,1775,380,4940,21911.149
2008,1,21,1858.998,0,376,10447,20160.303
2008,1,22,2325.018,4670,7640,7552,18888.305
2008,1,23,1882.308,1116,387,13359,16509.81
2008,1,24,1645.022,1107,320,5935,20055.042
2008,1,25,2239.856,0,2421,11409,23500.938
2008,1,26,2834.988,4925,311,15606,26407.795
2008,1,27,2381.766,3725,3818,7367,24786.095
2008,1,28,2308.196,1142,280,12792,24255.94
2008,1,29,2676.024,1487,6199,11077,25837.408
2008,1,30,1640.646,0,261,7261,19822.114
2008,1,31,1953.922,1165,267,9437,21696.377
2008,2,1,1534.652,336,280,7241,17720.542
2008,2,2,2937.126,6248.122,2765.299,15194.458,24744.204
2008,2,3,2084.568,2319,4435,8452,19536.784
2008,2,4,1628.138,1161,252,9531,16191.644
2008,2,5,2472.456,1098,7803,13717,18589.603
2008,2,6,1669.54,2114,356,8428,16927.647
2008,2,7,1518.31,0,295,8089,16921.16
2008,2,8,1950.564,940,1921,9563,20085.396
2008,2,9,2102.276,2050,2838,10293,19856.915
2008,2,10,2184.714,2562,2955,10128,20766.902
2008,2,11,1692.016,1018,297,8930,17955.255
2008,2,12,1987.798,2009,1856,12138,17126.958
2008,2,13,1900.498,2530,3615,7568,17961.954
2008,2,14,1604.622,1300,291,9299,15853.714
2008,2,15,2005.208,1109,1723,13417,17171.141
2008,2,16,2346.948,1076,2360,11599,24080.801
2008,2,17,1933.368,3182,2257,6049,20734.821
2008,2,18,1514.404,0,251,10345,14644.066
2008,2,19,2126.916,1881,4711,11200,17656.576
2008,2,20,2253.79,3655,5516,7704,20688.164
2008,2,21,1633.85,0,307,8523,18400.832
2008,2,22,1732.564,1167,1985,10101,15623.067
2008,2,23,1836.153,1686.244,2252.597,10052.917,16610.778
2008,2,24,1263.008,754,332,11447,8517.135
2008,2,25,504.488,0,321,1856,6231.125
2008,2,26,507.12,0,295,2013,6144.011
2008,2,27,566.72,0,326,2969,6150.322
2008,2,28,509.184,0,281,2028,6177.41
2008,2,29,1333.348,0,3773,8062,10387.481
2008,3,1,1141.876,0,1287,2724,15020.262
2008,3,2,1162.226,0,5244,2565,11561.452
2008,3,3,1040.55,0,2207,1755,13380.501
2008,3,4,1668.99,1249,2443,9415,14709.476
2008,3,5,2037.208,1145,9797,5529,17482.474
2008,3,6,2503.208,1082,372,6965,33301.151
2008,3,7,1862.956,1235,3471,9033,17310.253
2008,3,8,2248.66,6286,346,8435,22410.672
2008,3,9,1560.458,2607,333,4155,18912.64
2008,3,10,1618.686,2009,368,8660,15941.129
2008,3,11,2200.042,1271,3901,12936,18559.357
2008,3,12,1774.232,1120,2374,11042,15034.544
2008,3,13,1675.514,3263,3590,5464,15608.227
2008,3,14,2210.22,980,3881,14476,17499.985
2008,3,15,1576.3,2550,502,5910,17309.675
2008,3,16,1801.96,2394,566,11286,15786.663
2008,3,17,1706.918,236,6651,9346,12215.627
2008,3,18,1917.566,1156,4019,12544,14240.434
2008,3,19,1308.448,2110,411,6154,13132.464
2008,3,20,1253.274,1107,478,6670,12632.906
2008,3,21,2066.442,2171,4778,13275,14216.698
2008,3,22,2053.516,3322,588,12405,17910.261
2008,3,23,2325.99,6279,2112,13878,16497.516
2008,3,24,1975.76,1132.122,5989.299,7014.458,18793.429
2008,3,25,2015.856,2246,3677,13494,14180.604
2008,3,26,1633.472,2547,3831,7547,13299.549
2008,3,27,1370.822,0,356,9022,13469.054
2008,3,28,1885.424,2325,3605,11581,13912.733
2008,3,29,2471.15,5153,375,17240,18417.816
2008,3,30,2146.392,5045,1315,9769,19644.209
2008,3,31,1377.57,1091,411,9387,12070.527
2008,4,1,2129.052,1079,6657,14515,13233.212
2008,4,2,1691.672,1106,3674,7989,15425.529
2008,4,3,1128.756,0,422,6901,11489.627
2008,4,4,1631.918,2133,775,13246,11044.609
2008,4,5,1970.762,2929,874,13644,15399.043
2008,4,6,1696.318,1124,2615,7552,16980.955
2008,4,7,1538.838,2420,672,9466,13089.301
2008,4,8,2657.516,2752,10713,17519,13307.931
2008,4,9,1218.852,0,376,9003,10935.191
2008,4,10,1477.746,3261,457,6527,14384.104
2008,4,11,1877.664,1802,491,14522,14479.407
2008,4,12,2800.014,7076,2499,15225,21866.881
2008,4,13,2232.986,2554,5942,13007,15713.428
2008,4,14,1589.582,0,425,11197,14871.025
2008,4,15,1670.406,1174,3998,9874,12794.119
2008,4,16,1489.064,838,403,11322,12254.735
2008,4,17,1395.862,1719,417,8638,12490.371
2008,4,18,1862.39,2174,3832,10921,14112.852
2008,4,19,2253.71,4319,2457,14722,16063.844
2008,4,20,1791.418,1030,4544,10401,13881.983
2008,4,21,1164.156,0,2673,6788,9941.605
2008,4,22,1627.676,971,5093,10603,10460.932
2008,4,23,1357.328,1380,492,8406,12344.13
2008,4,24,1043.772,1263,522,5296,10315.204
2008,4,25,1267.734,824,2004,9400,8900.901
2008,4,26,903.166,0,634,3586,10832.765
2008,4,27,1008.24,693,588,5488,10035.017
2008,4,28,659.052,0,621,2786,7577.193
2008,4,29,1972.616,1402,5411,10481,15582.929
2008,4,30,1101.726,1057,590,6653,10062.099
2008,5,1,576.014,0,530,2586,6484.23
2008,5,2,1497.768,3114,584,8687,12577.798
2008,5,3,1289.6,996,541,6535,13421.328
2008,5,4,1470.97,2196,2872,5464,13984.152
2008,5,5,1366.932,1008,378,10197,11199.203
2008,5,6,1789.98,1354,5410,12200,10868.989
2008,5,7,1176.264,1030,423,6649,11502.407
2008,5,8,2116.698,3667,702,12717,18192.298
2008,5,9,1747.272,2229,423,11904,14565.194
2008,5,10,1909.128,6950,612,11714,12542.809
2008,5,11,1610.92,563,1340,6930,18015.646
2008,5,12,1524.204,2082,1085,11959,10277.391
2008,5,13,1476.894,823,4089,8370,11332.917
2008,5,14,1584.262,2467,3436,9716,10785.352
2008,5,15,1162.768,868,570,6820,11121.472
2008,5,16,1650.213,2230.244,2567.597,8967.917,13737.785
2008,5,17,1657.454,2158,935,12472,12059.23
2008,5,18,1803.958,1775,5355,8626,14309.947
2008,5,19,1030.262,1014,558,7503,8096.024
2008,5,20,1581.334,1352,2431,11977,10595.564
2008,5,21,1324.112,1989,474,9251,10354.53
2008,5,22,976.868,996,440,6475,8370.159
2008,5,23,1484.916,0,1390,14734,8624.606
2008,5,24,1580.176,1027,569,12833,11907.262
2008,5,25,2048.504,4307,8811,6016,15007.734
2008,5,26,1289.71,985,666,9284,10560.17
2008,5,27,1708.7,0,5352,11478,11648.335
2008,5,28,1114.372,3138,512,6709,8213.848
2008,5,29,1135.076,1004,507,8703,8703.932
2008,5,30,1397.244,0,3019,11298,8970.414
2008,5,31,1641.47,1764,2328,11858,11407.841
2008,6,1,1848.876,1906,545,11307,17056.599
2008,6,2,1074.012,960,558,6341,10041.211
2008,6,3,1597.816,2897,2608,9265,11860.259
2008,6,4,1588.912,1550,7682,6508,10741.904
2008,6,5,1120.078,1747,506,8781,7633.976
2008,6,6,1217.714,1009,506,7871,10909.235
2008,6,7,1882.484,2379,2611,14593,11791.741
2008,6,8,1542.322,2536,3161,9732,10276.345
2008,6,9,1325.698,1967,2085,7921,10121.976
2008,6,10,1067.09,907,585,8992,7300.808
2008,6,11,1123.206,977,842,7566,9335.116
2008,6,12,1259.332,1951,567,7246,11224.859
2008,6,13,1875.372,2810.122,7359.299,10537.458,10549.306
2008,6,14,1384.92,1862,1011,10681,9528.042
2008,6,15,2289.102,6471,6802,11589,13289.708
2008,6,16,1303.044,1980,464,10012,9261.376
2008,6,17,1145.084,1080,432,10094,7478.736
2008,6,18,1893.608,7549,3040,12687,8284.111
2008,6,19,1588.082,3411,1514,10911,10632.015
2008,6,20,1676.104,2948,2935,12417,9635.081
2008,6,21,1734.254,940,5823,12828,9313.228
2008,6,22,1566.416,4705,1175,10652,9574.943
2008,6,23,1251.796,2600,581,10124,7558.251
2008,6,24,1754.452,2779,3489,14271,8701.857
2008,6,25,1261.77,2773,569,9402,8285.523
2008,6,26,1056.02,921,572,8971,7136.338
2008,6,27,1755.152,4159,2372,10163,12558.54
2008,6,28,1208.8,0,2000,7932,10214.665
2008,6,29,749.352,955,535,3896,7103.174
2008,6,30,804.196,0,521,6819,6063.304
2008,7,1,1215.24,3465,587,8390,7812.002
2008,7,2,1147.202,962,650,7002,10506.04
2008,7,3,1098.36,958,2569,7410,7369.029
2008,7,4,942.02,0,589,8302,6809.362
2008,7,5,1469.088,1875,6754,8365,7490.787
2008,7,6,1805.064,4258,5230,7536,13060.389
2008,7,7,983.39,2171,592,7149,6477.833
2008,7,8,1126.214,991,503,7592,9684.201
2008,7,9,919.318,951,499,7352,6519.951
2008,7,10,1251.276,982,552,8186,11134.599
2008,7,11,1254.216,724,558,9251,10370.586
2008,7,12,1328.852,4436,2617,7231,7863.55
2008,7,13,1255.937,1673.244,3166.597,7068.917,9023.521
2008,7,14,1137.926,2564,1995,6436,7970.466
2008,7,15,1155.86,968,552,8585,9159.341
2008,7,16,1077.062,1537,2799,4978,8637.03
2008,7,17,1319.122,1122,723,8280,11860.35
2008,7,18,1261.584,1143,552,9260,10071.42
2008,7,19,1344.014,2941,3146,7676,8637.237
2008,7,20,941.534,1943,1076,5457,7216.223
2008,7,21,1156.478,1698,431,9189,7956.639
2008,7,22,740.242,0,430,4886,7021.384
2008,7,23,942.63,1233,454,6325,7698.508
2008,7,24,1093.45,837,476,8344,8567.178
2008,7,25,865.534,1168,492,6731,6034.565
2008,7,26,815.684,0,948,6243,6403.741
2008,7,27,1147.396,1063,858,8385,8817.263
2008,7,28,825.804,0,509,5963,7291.407
2008,7,29,1166.558,1571,530,5802,11539.637
2008,7,30,1299.908,2548,773,6278,12066.128
2008,7,31,1392.638,1533,2808,7588,11281.636
2008,8,1,739.576,586,1150,5091,5499.239
2008,8,2,505.776,0,504,3803,4122.6
2008,8,3,504.782,0,499,3926,3988.055
2008,8,4,1127.012,597.122,4678.299,4416.458,9091.63
2008,8,5,827.118,635,509,7118,5523.257
2008,8,6,326.112,0,513,2215,2707.14
2008,8,7,334.884,0,526,2357,2698.396
2008,8,8,302.2,0,481,1980,2575.598
2008,8,9,358.924,0,489,1902,3591.013
2008,8,10,352.032,0,464,1905,3498.182
2008,8,11,371.916,0,489,1880,3829.621
2008,8,12,288.984,0,462,1844,2510.323
2008,8,13,282.584,0,451,1789,2469.715
2008,8,14,270.258,0,441,1641,2422.27
2008,8,15,273.654,0,439,1691,2430.869
2008,8,16,274.814,0,442,1688,2450.299
2008,8,17,274.796,0,445,1710,2424.938
2008,8,18,273.758,0,440,1719,2403.629
2008,8,19,274.692,0,442,1697,2439.194
2008,8,20,268.472,0,437,1626,2411.561
2008,8,21,261.298,0,432,1577,2345.928
2008,8,22,267.124,0,438,1614,2400.052
2008,8,23,254.642,0,419,1485,2340.107
2008,8,24,254.716,0,404,1523,2318.278
2008,8,25,250.298,0,422,1436,2313.67
2008,8,26,257.564,0,420,1533,2339.736
2008,8,27,258.114,0,399,1539,2363.854
2008,8,28,268.246,0,432,1631,2407.74
2008,8,29,267.588,0,430,1599,2430.756
2008,8,30,270.424,0,435,1619,2452.973
2008,8,31,1501.706,2057.122,3734.299,12123.458,7113.509
2008,9,1,1247.51,950,521,10183,9137.852
2008,9,2,1384.154,4273,1206,6648,10942.239
2008,9,3,1388.486,1326,1902,10213,9700.458
2008,9,4,1225.22,2225,404,9408,8383.302
2008,9,5,873.96,379,431,6943,6812.999
2008,9,6,1868.574,2948,6500,13400,8294.886
2008,9,7,1372.656,3612,1707,5976,11582.606
2008,9,8,1309.324,747,2293,9559,9223.045
2008,9,9,1159.654,236,453,7728,10910.541
2008,9,10,1300.764,1009,399,10281,9990.387
2008,9,11,1028.714,1005,417,7644,8079.201
2008,9,12,1392.762,1867,402,8738,12205.729
2008,9,13,1631.436,930,5433,11807,9020.594
2008,9,14,1576.326,4673,445,6538,14616.079
2008,9,15,1697.708,960,364,10322,16649.13
2008,9,16,1221.862,0,368,8249,11747.36
2008,9,17,1519.21,1910,3727,9371,10312.156
2008,9,18,1505.29,4202,357,7991,12538.158
2008,9,19,1518.846,1569,351,12367,11027.106
2008,9,20,1304.6,0,370,12477,8896.349
2008,9,21,1533.07,4010,2381,8347,10813.146
2008,9,22,1358.564,1014,2448,10227,8953.713
2008,9,23,1232.788,0,2168,7920,10458.453
2008,9,24,1718.35,2019,4730,10548,11342.166
2008,9,25,1131.22,1012,751,8485,8605.712
2008,9,26,1431.45,1221,370,10890,11376.474
2008,9,27,2127.446,4347,2584,12688,15838.456
2008,9,28,1731.104,1920,385,11242,15304.729
2008,9,29,1501.738,1014,363,10677,12974.967
2008,9,30,1375.006,998,360,7415,14143.758
2008,10,1,1872.364,2249,5800,10808,12349.047
2008,10,2,1345.342,0,367,9060,12995.368
2008,10,3,1612.58,4801,349,9432,12294.339
2008,10,4,2100.496,3462,629,12573,18344.278
2008,10,5,1549.95,990,3257,6071,15514.495
2008,10,6,1423.782,990,286,9562,12891.678
2008,10,7,1726.568,1016,419,9476,17865.135
2008,10,8,1860.576,1044,5126,11650,13189.594
2008,10,9,1983.682,1032,3064,11652,17313.364
2008,10,10,1518.338,0,389,12046,12870.634
2008,10,11,1669.386,2144,2335,11373,11971.108
2008,10,12,1907.94,2561,5822,7171,16245.005
2008,10,13,1461.976,1037,535,9483,13311.269
2008,10,14,1609.056,1177,442,9939,15259.596
2008,10,15,2156.896,1998,7042,9984,16924.267
2008,10,16,1583.68,951,429,8438,16576.684
2008,10,17,1866.886,2036,3187,9639,16252.772
2008,10,18,2239.19,799,1655,12146,22719.829
2008,10,19,1971.934,698,8010,4600,19557.55
2008,10,20,1667.554,844,2648,10475,13825.567
2008,10,21,2063.716,857,2663,11331,19544.271
2008,10,22,1646.01,662,2542,8487,15742.484
2008,10,23,1830.494,815,1435,10587,17671.229
2008,10,24,2133.226,7893,2277,10284,15099.766
2008,10,25,1570.095,785.243,449.836,13710.713,11222.491
2008,10,26,523.492,0,360,2013,6351.883
2008,10,27,523.892,0,402,1967,6362.539
2008,10,28,1327.29,2263,362,5090,14406.486
2008,10,29,1612.576,1037,345,4015,21479.268
2008,10,30,1098.6,0,345,2619,15346.001
2008,10,31,1285.832,0,312,10483,10635.558
2008,11,1,830.498,0,344,1939,11558.666
2008,11,2,910.614,0,346,2824,12006.883
2008,11,3,847.6,963,347,1892,10924.669
2008,11,4,1562.316,0,6214,4106,15718.603
2008,11,5,3134.93,7597,10409,8362,25880.868
2008,11,6,1588.438,1033,430,6734,18276.967
2008,11,7,1619.184,1032,389,10421,15144.392
2008,11,8,1733.138,1114,3271,6069,18431.638
2008,11,9,2578.538,6301,661,14348,21665.643
2008,11,10,2098.43,1029.732,362.791,10323.751,23257.545
2008,11,11,2455.95,2475,2288,14651,21518.503
2008,11,12,2188.677,1068.244,2714.597,9442.917,23252.197
2008,11,13,1238.46,0,338,6315,13987.996
2008,11,14,1621.738,2092,325,9929,14683.002
2008,11,15,3031.628,3952,3799,15635,27141.145
2008,11,16,2365.432,4791,1829,8945,23858.866
2008,11,17,1523.636,0,378,10590,14425.918
2008,11,18,1749.05,1079,369,11204,16498.823
2008,11,19,1840.238,1737,3026,8704,17203.646
2008,11,20,1692.336,1034,347,7732,19092.593
2008,11,21,1673.93,1039,348,10396,16115.828
2008,11,22,1711.368,1093,882,8320,18227.798
2008,11,23,3406.416,3632.122,8824.299,10278.458,34038.744
2008,11,24,3212.998,1063,510,13378,38598.962
2008,11,25,2702.85,3010,345,10471,31221.509
2008,11,26,1515.954,909,304,10002,14050.926
2008,11,27,2362.218,2491,330,12440,24109.308
2008,11,28,1885.964,1113,295,11361,18663.739
2008,11,29,2434.668,5268,2392,12386,20531.829
2008,11,30,2401.388,1161,3481,11474,23907.157
2008,12,1,1616.538,1085,309,9013,16535.299
2008,12,2,1793.444,0,304,11343,18243.718
2008,12,3,1755.164,1137,302,9664,18149.738
2008,12,4,1738.638,1085,281,11314,16297.306
2008,12,5,2058.618,831,310,9852,23317.293
2008,12,6,2523.836,4005,5749,9048,23261.911
2008,12,7,2466.74,3294,310,13627,23881.335
2008,12,8,1868.636,1117,296,13256,16474.959
2008,12,9,2003.144,1985,2553,12886,15961.733
2008,12,10,2187.433,1206.535,4234.896,11341.091,19674.711
2008,12,11,1432.522,1160,273,7979,14463.358
2008,12,12,1815.534,1157,255,12154,16692.911
2008,12,13,1825.574,2186,261,9271,18708.251
2008,12,14,2002.12,3742,2497,5415,21714.652
2008,12,15,1795.45,1178,252,9668,18826.176
2008,12,16,1797.09,0,253,11334,18364.518
2008,12,17,2098.786,4251,284,10813,19631.777
2008,12,18,1736.94,1125,258,11293,16273.013
2008,12,19,1882.112,1538,296,11773,17761.568
2008,12,20,2243.594,1133.122,6480.299,12825.458,16954.331
2008,12,21,2643.61,1099,9189,14816,18956.168
2008,12,22,2015.808,2157,391,10433,20615.804
2008,12,23,1798.088,2666,2115,8326,16861.148
2008,12,24,1269.638,0,364,9981,10815.618
2008,12,25,1061.118,0,285,3598,13802.299
2008,12,26,1223.732,1121,279,7796,11199.563
2008,12,27,2972.164,0,244,12209,37083.073
2008,12,28,1570.642,1953,217,5291,18716.348
2008,12,29,555.278,0,218,2480,6556.635
2008,12,30,1195.238,0,245,7145,12530.639
2008,12,31,1964.188,2975,246,11860,17655.48
2009,1,1,1406.692,765,3845,2803,16031.841
2009,1,2,2327.51,2417,6018,11841,18515.847
2009,1,3,1913.496,6440,328,10439,14684.595
2009,1,4,1939.994,1457,5251,3245,22380.235
2009,1,5,1604,1247,322,8650,16514.316
2009,1,6,1689.862,0,254,12462,15448.395
2009,1,7,2080.272,2687,3820,9979,18185.18
2009,1,8,1633.27,2773,299,10075,14074.16
2009,1,9,1788.702,1802,272,9285,18452.719
2009,1,10,2102.948,2828,4288,12539,15394.111
2009,1,11,1975.988,4521,5301,5887,17224.137
2009,1,12,1589.278,0,261,12147,14079.949
2009,1,13,2182.6,1140,329,16194,18713.665
2009,1,14,1777.374,2278.122,333.299,10307.458,16703.995
2009,1,15,1564.068,2731,390,9561,13385.816
2009,1,16,2766.554,5811,3158,15220,21920.196
2009,1,17,3317.82,2477,3154,15322,34344.015
2009,1,18,3154.194,5649,6701,12727,27492.889
2009,1,19,1699.866,1118,376,10279,16558.102
2009,1,20,1738.028,0,282,13727,14958.127
2009,1,21,1739.434,1148,2159,9830,15853.549
2009,1,22,1237.356,0,341,8246,12035.603
2009,1,23,1910.536,2078,295,12146,17323.255
2009,1,24,2200.77,5096,4492,8322,18769.509
2009,1,25,2843.664,3971,5960,11213,26250.406
2009,1,26,1674.472,1121,348,9821,16617.876
2009,1,27,1425.03,896,278,6608,15968.5
2009,1,28,2721.734,2301,6949,14285,21827.247
2009,1,29,1573.698,0,294,8996,16938.282
2009,1,30,2059.038,1622,280,12147,20268.313
2009,1,31,3312.852,8278,6575,15309,25052.198
2009,2,1,1848.941,3372.633,671.344,7739.421,19032.306
2009,2,2,1603.3,1159,232,10915,14415.681
2009,2,3,1868.39,703,878,14984,14574.83
2009,2,4,2460.924,871,6961,15960,17223.412
2009,2,5,1649.088,1104,264,12987,13129.811
2009,2,6,2048.396,1165,273,11716,20985.921
2009,2,7,3131.536,6822,4483,17873,23014.287
2009,2,8,2182.866,5341,259,15174,15607.097
2009,2,9,1706.638,1063,228,9375,17777.97
2009,2,10,1943.822,1128,263,12339,18667.029
2009,2,11,2639.39,2985,10477,12195,18332.844
2009,2,12,1968.66,1109,299,17724,13678.976
2009,2,13,1690.022,1100,254,11554,15259.058
2009,2,14,2334.777,2282.244,3258.597,18521.917,14850.193
2009,2,15,1586.032,2465,226,5234,18508.854
2009,2,16,1318.994,0,261,7037,14685.218
2009,2,17,807.897,26.926,297.164,4080.003,9060.862
2009,2,18,826.45,0,297,5471,8006.177
2009,2,19,737.268,1046,262,1796,9183.785
2009,2,20,1880.736,2897,293,8768,19387.596
2009,2,21,1316.184,2111,262,3983,15580.416
2009,2,22,2238.478,3816,8576,7133,17782.963
2009,2,23,2733.656,1212,3744,12471,28133.915
2009,2,24,1783.144,0,1602,14512,13605.076
2009,2,25,1169.844,1092,274,7359,10772.413
2009,2,26,1156.852,0,268,6841,12171.837
2009,2,27,2028.918,1154,246,14831,17584.286
2009,2,28,1630.75,1145,5358,8006,12670.173
2009,3,1,2468.718,11179.122,2741.299,8840.458,18384.428
2009,3,2,1477.442,1560,310,6684,16070.064
2009,3,3,1848.952,1159,268,13024,16364.869
2009,3,4,1842.13,2214,2570,8393,17525.181
2009,3,5,1441.812,0,271,9094,14665.213
2009,3,6,1783.474,1144,265,12056,16259.574
2009,3,7,1696.466,1055,811,12113,14295.418
2009,3,8,2357.166,7253,5260,12691,14082.111
2009,3,9,1685.556,2001,369,10336,15386.602
2009,3,10,1836.21,0,281,11610,18712.476
2009,3,11,2405.904,3476,7288,10737,18597.397
2009,3,12,1887.26,0,364,13655,17435.335
2009,3,13,1445.52,1082,311,10466,12232.981
2009,3,14,2149.028,2196,280,18036,15305.125
2009,3,15,1942.062,3478,5152,8353,15384.694
2009,3,16,1335.824,1.122,307.299,9279.458,12675.853
2009,3,17,1931.91,1110,3952,12320,14816.499
2009,3,18,1450.68,1123,375,12101,10579.003
2009,3,19,1191.532,0,314,9458,10086.859
2009,3,20,1463.906,1083,308,10618,12389.434
2009,3,21,1930.022,5420,682,10266,15799.038
2009,3,22,1689.17,2017,3778,9015,13342.831
2009,3,23,1296.45,1078,310,5999,14220.513
2009,3,24,1661.712,1710,352,10149,15484.217
2009,3,25,1838.774,2780,3315,10287,14264.232
2009,3,26,1211.004,0,312,8596,11275.387
2009,3,27,1713.926,1103,526,9947,16989.419
2009,3,28,2260.976,4527,327,12225,20603.925
2009,3,29,2216.65,1611,4024,9502,21807.148
2009,3,30,1477.452,1085,295,9901,13343.223
2009,3,31,1823.482,2202,2711,12958,12520.371
2009,4,1,1641.14,2807,2364,7309,14872.321
2009,4,2,1644.334,1128,324,13500,12453.55
2009,4,3,1363.26,0,326,8556,13839.011
2009,4,4,2191.232,2699,4172,16251,13398.521
2009,4,5,1375.716,3832,357,6503,12236.592
2009,4,6,1452.634,799,333,10141,12937.584
2009,4,7,1440.092,1103,338,9121,13439.545
2009,4,8,1534.6,2131,2827,7968,12650.675
2009,4,9,1890.472,2682,366,13482,14977.857
2009,4,10,1842.114,2057,2822,13828,11994.913
2009,4,11,2462.446,3661,4286,18233,14860.779
2009,4,12,2141.012,7498,1504,12470,14211.538
2009,4,13,1600.807,1008.244,5650.597,6221.917,13799.364
2009,4,14,1501.538,888,2341,9478,12318.62
2009,4,15,1216.062,1880,463,5278,12646.696
2009,4,16,1564.524,2896,397,9809,12973.406
2009,4,17,2042.81,0,5224,7655,21167.819
2009,4,18,1512.266,1028,2613,10699,10864.427
2009,4,19,1286.468,2201,376,8088,10776.124
2009,4,20,1486.51,0,2644,10476,11655.162
2009,4,21,1894.598,1925,375,7380,21896.624
2009,4,22,1496.198,1024,1203,13265,9444.649
2009,4,23,1141.46,1068,395,5511,12050.352
2009,4,24,1194.048,0,383,9677,9840.805
2009,4,25,2022.284,2007,3901,13225,14571.737
2009,4,26,1781.626,3053,3017,10561,13062.751
2009,4,27,1351.628,995,376,7021,14135.129
2009,4,28,1706.386,2068,371,11469,14531.769
2009,4,29,1664.68,1043,2492,9372,14837.676
2009,4,30,1834.762,1027,363,15305,13884.36
2009,5,1,1512.802,1067,1052,11709,11385.356
2009,5,2,1393.91,1430,374,9760,11667.821
2009,5,3,1608.878,3207,2593,7226,13788.611
2009,5,4,1667.882,1007,411,11374,15006.029
2009,5,5,1731.474,1049,5539,10166,12103.903
2009,5,6,1349.902,1038,1797,9058,10605.381
2009,5,7,1012.648,0,374,7992,8511.473
2009,5,8,1857.156,2226,848,15426,12452.612
2009,5,9,1261.352,2090,382,6605,11945.533
2009,5,10,1967.644,4301.122,6671.299,8698.458,13123.17
2009,5,11,1517.176,1035,457,11009,12785.258
2009,5,12,1625.956,0,2713,11335,13051.275
2009,5,13,1246.398,1419,553,7127,11674.302
2009,5,14,1606.984,0,4065,11499,11219.073
2009,5,15,1422.226,1382,494,12195,9632.755
2009,5,16,2007.378,1705,4820,12265,14666.302
2009,5,17,1543.764,2555,1926,7168,14080.41
2009,5,18,1209.906,763,374,8971,10057.067
2009,5,19,1617.344,3253,792,10981,11929.734
2009,5,20,1307.162,1061,1889,9470,9366.05
2009,5,21,1575.15,1553,1278,12563,10858.512
2009,5,22,1074.806,982,1207,8078,7646.436
2009,5,23,1530.598,480,1844,12579,10606.981
2009,5,24,1287.786,45,446,10256,10716.108
2009,5,25,1354.096,920,966,9930,10752.261
2009,5,26,1340.949,1194.366,863.896,10119.375,10171.514
2009,5,27,1544.292,1052,2355,11076,11255.205
2009,5,28,1179.736,1502,421,9049,8690.252
2009,5,29,1242.846,1005,434,10112,9163.108
2009,5,30,1659.106,2787,1707,11557,11600.782
2009,5,31,956.89,1466,458,5720,8304.152
2009,6,1,1443.26,2789,461,11361,9443.349
2009,6,2,1090.638,0,506,7892,9779.296
2009,6,3,1356.578,940,1370,11577,8722.636
2009,6,4,1035.66,1906,455,6905,7995.002
2009,6,5,1230.36,0,456,12515,7535.003
2009,6,6,1475.45,1769,2732,10611,9478.828
2009,6,7,1207.392,2077,1641,6034,10371.171
2009,6,8,1178.776,1024,432,8551,9639.268
2009,6,9,1332.85,1000,414,10695,10105.138
2009,6,10,1602.996,1032,4745,9889,11050.599
2009,6,11,1300.65,0,472,10610,10595.493
2009,6,12,1101.732,1009,460,7137,9756.198
2009,6,13,1553.395,1581.912,1835.913,9185.411,13287.118
2009,6,14,1571.926,1615.57,1869.869,9300.164,13413.6
2009,6,15,1268.593,1426.475,938.827,8600.594,10177.455
2009,6,16,1508.792,2983,1221,13691,7251.549
2009,6,17,988.016,975,611,7193,7687.92
2009,6,18,1165.7,0,461,11223,7744.329
2009,6,19,1086.866,969,475,7737,8933.426
2009,6,20,1107.1,0,2657,9159,6635.653
2009,6,21,855.142,1039,412,6002,6799.36
2009,6,22,1094.098,0,449,11148,6637.954
2009,6,23,1039.214,1010,1261,8186,6863.244
2009,6,24,1534.874,3059,1239,14275,7008.219
2009,6,25,771.362,0,495,6224,6137.031
2009,6,26,1277.322,1826,538,9952,8972.696
2009,6,27,1709.052,2663,2432,13468,9921.214
2009,6,28,1059.394,0,1421,6742,9493.557
2009,6,29,1010.134,1794,598,6462,7981.568
2009,6,30,1192.446,582,1034,8989,9269.091
2009,7,1,1218.342,989,590,9747,8979.705
2009,7,2,1242.578,637,603,8032,11437.619
2009,7,3,864.148,856,642,7371,5533.444
2009,7,4,1238.568,2084,2329,6791,9438.794
2009,7,5,1410.736,3215,1438,8014,10845.275
2009,7,6,954.26,429,755,7142,7578.348
2009,7,7,1110.136,1292,3619,5704,7887.258
2009,7,8,1234.4,0,3514,9308,7751.321
2009,7,9,846.252,0,656,4783,8665.198
2009,7,10,1191.484,992.488,2629.194,7517.834,8718.556
2009,7,11,993.968,981,683,7756,7146.133
2009,7,12,513.478,0,589,4060,3909.002
2009,7,13,496.746,0,594,3881,3804.133
2009,7,14,911.43,2303,618,6155,6114.521
2009,7,15,718.074,878,932,5820,4337.914
2009,7,16,599.554,0,1724,3902,4366.561
2009,7,17,731.808,0,626,6670,4900.815
2009,7,18,966.41,0,663,5389,10054.849
2009,7,19,1203.644,0,598,5058,14404.758
2009,7,20,662.486,914,784,4948,4395.459
2009,7,21,813.762,0,981,7795,4786.728
2009,7,22,739.532,0,681,3965,7679.559
2009,7,23,1030,926,622,9064,6554.659
2009,7,24,561.738,0,630,4128,4604.314
2009,7,25,536.688,0,577,3716,4651.787
2009,7,26,543.016,0,1019,3799,4232.291
2009,7,27,688.566,0,2062,5202,4212.102
2009,7,28,902.85,0,4899,4353,5795.477
2009,7,29,902,869,749,7549,5866.346
2009,7,30,792.326,0,2304,4040,6861.449
2009,7,31,975.83,865,3423,6302,5673.831
2009,8,1,706.966,0,844,6248,4690.746
2009,8,2,489.724,0,637,3539,3986.087
2009,8,3,500.298,0,605,3811,3922.308
2009,8,4,508.892,0,607,3871,4003.51
2009,8,5,518.652,0,620,4042,3982.2
2009,8,6,532.672,0,659,4193,4025.889
2009,8,7,539.296,0,668,4232,4088.264
2009,8,8,526.472,0,646,4093,4035.543
2009,8,9,998.234,1984,2380,5154,7119.231
2009,8,10,1069.358,0,3719,6012,8091.636
2009,8,11,950.954,857,1467,6577,6948.224
2009,8,12,824.436,912,689,4991,7148.59
2009,8,13,1579.471,2214.634,4858.981,7463.477,11787.702
2009,8,14,748.676,429,850,4647,6551.913
2009,8,15,1514.062,3437,1852,8922,11023.36
2009,8,16,1217.712,1604,1094,5691,11906.185
2009,8,17,785.908,1,813,6261,6023.47
2009,8,18,1080.598,2306,1440,6324,7939.967
2009,8,19,880.742,896,812,6044,6927.05
2009,8,20,775.722,0,883,6138,5907.702
2009,8,21,1161.746,3043,887,7527,7905.437
2009,8,22,1548.738,4544,3203,8549,9516.295
2009,8,23,1066.708,949,819,6994,9016.482
2009,8,24,1252.254,2279,737,8247,9607.889
2009,8,25,943.61,1140,755,6291,7540.837
2009,8,26,1136.546,2131,1516,7860,7435.466
2009,8,27,749.466,0,664,4283,7544.125
2009,8,28,1118.842,1778,1125,7485,8259.347
2009,8,29,1388.414,905,1483,11707,9045.233
2009,8,30,1668.342,2653,1363,10648,13141.703
2009,8,31,1265.522,960,678,9974,9480.032
2009,9,1,980.536,0,697,6073,9572.27
2009,9,2,1222.814,947,659,9921,8853.241
2009,9,3,1251.188,3319,3099,5011,9424.106
2009,9,4,1024.388,0,636,8095,8342.155
2009,9,5,1513.866,2988,2248,10433,9562.086
2009,9,6,1228.63,995,588,9031,9863.154
2009,9,7,1221.458,2196,577,8299,9285.648
2009,9,8,1086.254,1002,577,8533,7992.228
2009,9,9,1521.344,964,3832,10671,9888.744
2009,9,10,1112.354,928,600,6508,10503.27
2009,9,11,1214.146,0,631,11693,7911.766
2009,9,12,2064.358,9583,1202,12601,11019.955
2009,9,13,1571.394,4147.122,613.299,10176.458,11253.042
2009,9,14,1574.858,2843,603,9091,13710.615
2009,9,15,1456.806,1769,560,8644,13307.093
2009,9,16,1743.162,1035,3470,13384,11163.697
2009,9,17,1223.426,0,563,9710,10117.446
2009,9,18,1374.032,1993,652,9151,11104.561
2009,9,19,2135.71,1607,4050,14845,15093.177
2009,9,20,2035.328,4532,2466,11935,14989.133
2009,9,21,1417.868,921,604,10844,11262.151
2009,9,22,1246.536,937,597,8502,10739.602
2009,9,23,1636.61,2085,978,12884,11329.838
2009,9,24,1426.258,1051,621,10374,11724.992
2009,9,25,1161.016,0,594,9694,9062.262
2009,9,26,1556.254,1943,571,14581,8842.573
2009,9,27,1410.472,1817,4571,8554,8565.857
2009,9,28,1299.456,0,603,10797,10257.569
2009,9,29,1146.398,1031,603,7322,10150.615
2009,9,30,1774.919,972.244,8082.597,9208.917,11318.21
2009,10,1,1287.252,950,602,9433,10469.2
2009,10,2,1152.668,0,570,10142,8499.147
2009,10,3,1716.74,3644,920,14480,9568.32
2009,10,4,1621.106,3189,3499,8980,11350.425
2009,10,5,1275.522,984,542,7983,11749.678
2009,10,6,1428.448,1,543,8806,14457.456
2009,10,7,1821.834,734,4334,9908,15387.905
2009,10,8,1577.166,2091,619,11568,12008.099
2009,10,9,1351.862,0,559,10718,11254.025
2009,10,10,2012.756,4510,570,14811,13654.924
2009,10,11,1939.376,4112.122,6455.299,8654.458,13101.017
2009,10,12,1351.604,997,515,9420,11594.728
2009,10,13,1449.1,983,530,9530,13108.672
2009,10,14,1711.224,2001,3131,10013,13375.379
2009,10,15,1489.976,1629,463,9641,13099.943
2009,10,16,1516.86,0,482,11136,13663.01
2009,10,17,2742.08,5490,4364,18326,17521.327
2009,10,18,1556.164,712,499,11144,13581.072
2009,10,19,1369.108,1104,457,8227,13030.472
2009,10,20,1722.808,760,450,11005,16498.469
2009,10,21,1969.506,2031,5916,8569,16309.111
2009,10,22,1399.71,0,492,11074,11762.494
2009,10,23,1757.45,3180,495,11696,13919.848
2009,10,24,2614.408,6202,518,15941,20912.478
2009,10,25,2406.536,3010,6181,13691,17226.916
2009,10,26,1112.344,475,468,5788,11808.051
2009,10,27,1116.756,579,449,8367,9217.595
2009,10,28,1268.708,1044,463,9318,10320.128
2009,10,29,1981.44,765,4125,5677,22456.998
2009,10,30,1493.358,1779,2005,8828,12277.331
2009,10,31,1875.942,1773,2514,14637,12341.692
2009,11,1,1843.168,1970,470,12215,16064.48
2009,11,2,1504.226,1881,471,7490,15228.422
2009,11,3,2266.688,2009,3951,9025,22793.132
2009,11,4,1801.8,1075,4008,12246,12700.986
2009,11,5,1560.466,1105,532,9868,14502.77
2009,11,6,1390.45,0,442,11326,11406.177
2009,11,7,1557.176,2187,408,10014,13343.924
2009,11,8,2508.002,4941,2075,14871,19913.038
2009,11,9,1405.844,1126.122,431.299,7627.458,14245.855
2009,11,10,1606.184,1118,432,11788,13431.717
2009,11,11,2040.48,2338,5105,11214,15351.004
2009,11,12,1463.066,1486,429,9403,13066.438
2009,11,13,1532.926,1856,407,9178,14107.772
2009,11,14,2560.456,4169,2411,18868,17226.263
2009,11,15,1967.308,991,5278,9446,17073.48
2009,11,16,1514.468,2021,545,9354,13321.129
2009,11,17,1708.294,0,453,11616,16402.564
2009,11,18,2639.174,6012,7655,13787,16532.215
2009,11,19,1474.848,0,481,10936,13163.806
2009,11,20,1961.016,843,407,12816,18617.6
2009,11,21,2496.856,5694,1997,12553,21370.237
2009,11,22,2450.976,6774,411,16097,17567.598
2009,11,23,1471.122,0,402,8230,15886.698
2009,11,24,2128.856,2491,4579,9086,19324.924
2009,11,25,1980.13,745,5083,10596,16578.183
2009,11,26,1599.626,2262,407,10069,13922.409
2009,11,27,1380.026,0,396,11599,11005.428
2009,11,28,1858.95,3199,386,14350,13047.471
2009,11,29,1650.962,1073,3061,7828,15554.031
2009,11,30,1745.19,1080,361,12039,15606.479
2009,12,1,1756.378,0,354,10821,18097.975
2009,12,2,2345.668,1143,7052,12851,18048.478
2009,12,3,1479.688,1039,402,9906,13314.468
2009,12,4,1711.294,1158,352,9134,17877.564
2009,12,5,2351.762,3822,351,13324,21699.022
2009,12,6,2378.288,2850,4175,12420,20193.131
2009,12,7,1742.638,1132,358,10291,17262.966
2009,12,8,2006.884,1108,350,15376,16614.08
2009,12,9,1802.356,2054,3355,7971,16659.24
2009,12,10,2056.469,2825.244,351.597,15411.917,15685.727
2009,12,11,1784.462,1546,385,11251,16559.036
2009,12,12,1816.38,1087,4120,8198,16868.017
2009,12,13,2138.814,3984,417,13178,18067.9
2009,12,14,1794.862,1090,2280,10742,15802.36
2009,12,15,1940.116,1111,392,14084,16748.262
2009,12,16,1394.874,1143,2943,8104,11057.896
2009,12,17,1717.182,0,308,14395,13916.689
2009,12,18,1744.706,1195,304,11466,16113.45
2009,12,19,2204.334,1165,2662,13681,19230.898
2009,12,20,1144.166,1237,313,7795,9724.44
2009,12,21,2034.966,3293,282,11473,18868.1
2009,12,22,1888.022,0,285,15829,15353.03
2009,12,23,1455.2,1143,284,11205,11621.335
2009,12,24,2905.894,5184,5575,15198,22474.577
2009,12,25,2127.648,3371,3895,14288,13906.795
2009,12,26,2183.618,1186,4294,16047,14866.62
2009,12,27,2195.452,4218,318,12450,19604.889
2009,12,28,2094.098,2175,2063,14934,15729.613
2009,12,29,2047.968,1260,346,10205,22321.774
2009,12,30,2451.11,5284,4539,12484,18544.826
2009,12,31,2211.892,0,387,19409,17068.834
2010,1,1,1224.252,2304,327,3558,14215.212
2010,1,2,1309.928,802.122,299.299,6430.458,14300.254
2010,1,3,2083.454,3842,4920,10074,15888.234
2010,1,4,1604.132,0,292,10812,15631.524
2010,1,5,2219.78,1785,293,16468,18450.336
2010,1,6,1777.18,1731,3256,11359,13273.677
2010,1,7,1769.442,1198,255,12936,15101.684
2010,1,8,1797.208,0,994,12531,16428.473
2010,1,9,2336.9,2781,4855,14734,16578.341
2010,1,10,2508.466,3564,2032,14108,22103.744
2010,1,11,1518.684,1251,340,10279,13441.387
2010,1,12,1879.651,1165.692,4199.29,13101.771,12860.943
2010,1,13,1571.926,1615.57,1869.869,9300.164,13413.6
2010,1,14,1865.112,3171.236,1566.91,9268.547,17078.867
2010,1,15,2196.76,1957,2952,13546,18157.657
2010,1,16,2150.112,2605,2415,13652,17163.204
2010,1,17,1906.556,1992,298,15044,14441.934
2010,1,18,1881.098,617,295,12981,17458.627
2010,1,19,2433.508,2044,653,19311,18550.468
2010,1,20,2351.728,2317,3341,14563,18974.489
2010,1,21,2137.856,894,449,16451,17836.911
2010,1,22,1790.626,699,352,14512,14280.758
2010,1,23,2609.602,3155.122,4087.299,16027.458,20223.473
2010,1,24,2269.42,3496,2760,11046,20521.665
2010,1,25,1930.51,1368,455,16136,14216.183
2010,1,26,2067.564,526,395,16243,17295.406
2010,1,27,2760.902,2044,6403,18154,19414.034
2010,1,28,2110.234,2032,504,14987,17647.564
2010,1,29,2092.99,1488,851,18061,14483.17
2010,1,30,2842.728,3240,7544,17891,18703.789
2010,1,31,1799.196,1715,1380,12569,14322.595
2010,2,1,1693.778,1111,367,14623,12128.646
2010,2,2,2157.432,0,382,21536,14039.2
2010,2,3,2903.014,2234,8423,21130,16596.561
2010,2,4,2316.27,1074,532,23743,13255.498
2010,2,5,2098.892,902,474,18008,15597.555
2010,2,6,2712.986,4324,2209,17857,20826.464
2010,2,7,1625.708,2736,3837,5546,14976.124
2010,2,8,2582.238,1161,431,19764,21681.341
2010,2,9,2420.932,1214,410,19769,18955.866
2010,2,10,1945.634,1220.122,2977.299,12220.458,16009.354
2010,2,11,1369.768,0,330,9916,12583.464
2010,2,12,1892.998,1241,312,15211,14785.955
2010,2,13,2351.556,1838,5292,18710,13352.608
2010,2,14,1687.79,1224.122,319.299,13196.458,13389.939
2010,2,15,2097.132,3468,332,16065,15087.207
2010,2,16,1797.756,1945,317,12820,14880.588
2010,2,17,2054.56,2294,6636,10101,15211.679
2010,2,18,1761.156,965,385,14884,13118.587
2010,2,19,1953.572,2124,397,14543,15495.534
2010,2,20,1983.728,3748,382,14470,14462.143
2010,2,21,2740.314,5905,8142,17083,14541.899
2010,2,22,1474.036,1393,2167,10159,10848.248
2010,2,23,1461.28,0,3001,8806,12547.665
2010,2,24,1914.278,2260,1682,14315,13647.633
2010,2,25,1880.204,0,474,15120,15742.734
2010,2,26,2120.156,1146,2454,14821,16914.941
2010,2,27,1765.056,3743,441,14358,10875.592
2010,2,28,711.666,0,487,2952,8422.09
2010,3,1,1298.728,1785,471,7115,12274.469
2010,3,2,766.906,0,424,3605,8752.775
2010,3,3,935.834,0,425,7221,7951.263
2010,3,4,682.88,0,436,2928,8017.319
2010,3,5,1133.726,1108,351,5918,11518.433
2010,3,6,794.712,0,419,3970,8856.202
2010,3,7,1372.472,0,4674,3679,14521.541
2010,3,8,2557.098,4214,7645,15971,14788.294
2010,3,9,1760.112,846,397,10893,17199.193
2010,3,10,1822.632,1167,375,14916,13919.192
2010,3,11,1951.09,2071,320,15706,14421.162
2010,3,12,1645.424,1691,411,14076,11245.732
2010,3,13,2383.01,2848,5534,17973,13361.829
2010,3,14,1566.714,3464,918,7101,14628.891
2010,3,15,1791.85,778,436,15053,13597.171
2010,3,16,1542.65,0,457,10083,15170.849
2010,3,17,2009.13,1136,5851,13105,13393.504
2010,3,18,1562.682,1147,570,10845,13482.699
2010,3,19,1663.384,0,596,12591,14536.07
2010,3,20,1450.403,1355.283,1593.612,8770.804,12454.058
2010,3,21,1811.315,2588.855,3870.488,8969.468,14760.029
2010,3,22,1618.59,1142,557,13859,11418.508
2010,3,23,1822.162,2892,1153,13107,13217.374
2010,3,24,1994.752,1075,5832,12817,13521.866
2010,3,25,1679.884,0,611,13797,13590.071
2010,3,26,1651.284,1078,682,12547,13214.411
2010,3,27,1847.97,1067,3080,12483,14169.518
2010,3,28,1798.214,1083,7895,7118,13874.236
2010,3,29,1622.738,0,636,15420,10989.638
2010,3,30,1906.454,1760,571,13765,15678.24
2010,3,31,1923.802,1067,6313,12041,12642.363
2010,4,1,1687.44,1780,517,14393,11434.01
2010,4,2,1648.622,0,483,13074,13920.048
2010,4,3,1805.278,1778,648,17694,9967.975
2010,4,4,1690.388,1097,831,12687,13558.13
2010,4,5,1118.82,1755,1436,5503,9952.983
2010,4,6,1825.852,1154,613,12476,16187.867
2010,4,7,1596.982,1077,3440,11362,10737.383
2010,4,8,1649.22,145,669,13322,13350.995
2010,4,9,1233.35,1088,566,10595,8306.807
2010,4,10,1190.208,1044,960,8933,8899.811
2010,4,11,1603.902,5500.122,555.299,8856.458,11819.817
2010,4,12,1439.426,660,611,11949,10770.433
2010,4,13,1512.704,1097,646,13033,10435.728
2010,4,14,1660.364,1132,5871,9194,11475.735
2010,4,15,1872.178,2526,658,15667,12351.969
2010,4,16,1562.062,2837,592,12623,9982.367
2010,4,17,1557.712,553,3124,12571,9713.861
2010,4,18,1476.106,1104,618,12550,10329.76
2010,4,19,1708.594,1230,4255,13474,9517.588
2010,4,20,1833.628,1388,719,16668,11785.461
2010,4,21,1579.914,0,635,12902,12794.904
2010,4,22,1460.904,1062,653,12492,10141.401
2010,4,23,1180.536,0,623,10981,8071.588
2010,4,24,1518.418,4445,1483,8223,11155.956
2010,4,25,1542.742,0,2350,7595,15767.366
2010,4,26,1082.716,1038,460,7635,8912.281
2010,4,27,1250.94,0,545,8539,11764.999
2010,4,28,867.858,0,578,6035,7851.289
2010,4,29,1103.724,12,679,8102,9602.414
2010,4,30,1118.628,2695,659,6969,8320.793
2010,5,1,1320.158,1984,4885,6751,8382.634
2010,5,2,2187.91,1858,7966,14454,12187.182
2010,5,3,1411.302,980,534,11825,10182.703
2010,5,4,1516.96,0,1018,12007,12257.674
2010,5,5,1805.308,2969,2194,12183,12742.488
2010,5,6,1299.25,0,301,10280,11073.172
2010,5,7,1644.004,1053,332,13602,12413.103
2010,5,8,1533.422,3569,2435,10158,9395.029
2010,5,9,1566.51,2888,2636,9945,10639.515
2010,5,10,1467.892,0,403,12893,11168.869
2010,5,11,1571.368,1156,345,11418,13270.453
2010,5,12,2035.418,1036,4434,16362,12091.647
2010,5,13,1553.588,2124.122,1478.299,10533.458,11757.256
2010,5,14,1722.146,1045,334,16764,10559.439
2010,5,15,1944.772,3347,336,13670,15059.869
2010,5,16,2100.426,3361,3922,11888,15836.098
2010,5,17,1628.182,1014,367,15344,10411.376
2010,5,18,1421.184,0,370,11677,11639.375
2010,5,19,1426.752,2122,659,9864,11134.196
2010,5,20,1153.898,0,369,10101,8761.639
2010,5,21,1294.396,1073,381,10113,10006.287
2010,5,22,2095.772,2278,2441,17454,12756.521
2010,5,23,1487.556,864,416,9541,13971.606
2010,5,24,1341.332,1875,2467,7746,10267.524
2010,5,25,1198.626,474,451,10439,8613.124
2010,5,26,1387.884,914,4500,8530,9187.411
2010,5,27,1323.342,932,443,10669,10011.71
2010,5,28,1398.164,1020,413,11616,10253.739
2010,5,29,2049.808,4057,400,16635,13071.494
2010,5,30,1665.7,2405,2976,9708,12672.679
2010,5,31,1340.462,1710,2171,10461,7999.042
2010,6,1,1268.964,970,400,11858,7921.437
2010,6,2,980.898,0,656,8454,7238.322
2010,6,3,1394.186,2916,451,12304,7565.398
2010,6,4,1420.554,1695,397,12517,9066.89
2010,6,5,2009.644,10932,1253,12223,9086.057
2010,6,6,1746.792,7609,574,11365,9565.189
2010,6,7,1012.082,1821,488,6737,7822.048
2010,6,8,1362.034,1513,821,11374,8992.534
2010,6,9,1534.682,2774,4269,8255,10280.035
2010,6,10,1215.19,0,474,10870,8909.198
2010,6,11,1470.672,3439,468,11728,8876.206
2010,6,12,1974.2,2706.122,3658.299,16190.458,10348.431
2010,6,13,1674.356,4922,2516,9096,11371.917
2010,6,14,1217.984,958,473,10336,8532.745
2010,6,15,1223.966,0,488,10144,9767.44
2010,6,16,1768.092,1875,4999,10336,12258.214
2010,6,17,1028.018,0,488,8510,8135.638
2010,6,18,1332.316,977,454,11977,8797.295
2010,6,19,1416.22,2385,1803,9554,9861.669
2010,6,20,1672.55,1021,4195,12337,10322.838
2010,6,21,1660.89,3824,3525,11179,9153.483
2010,6,22,1520.588,968,6176,9230,8969.131
2010,6,23,1442.064,5740,1500,10188,6606.408
2010,6,24,1095.78,973,883,8090,8317.011
2010,6,25,1099.438,0,689,10466,7168.968
2010,6,26,981.62,921,1221,7939,6279.311
2010,6,27,1139.964,2665,764,7690,7880.401
2010,6,28,1471.34,0,809,12516,11197.346
2010,6,29,1368.388,1747.122,1979.299,8269.458,10810.588
2010,6,30,1384.136,398,806,5214,16650.933
2010,7,1,1349.002,877,921,7438,13247.362
2010,7,2,1140.928,822,932,6337,10924.473
2010,7,3,1120.074,0,968,6151,11548.886
2010,7,4,1538.088,860,804,6597,17373.793
2010,7,5,1113.99,841,837,6913,9975.503
2010,7,6,1005.934,0,771,8451,7543.555
2010,7,7,834.788,879,760,5762,6512.163
2010,7,8,1212.652,857,1350,8459,9544.861
2010,7,9,1083.478,0,625,5356,12076.955
2010,7,10,1154.504,907,1240,8921,8173.733
2010,7,11,1193.572,848,594,7781,10669.875
2010,7,12,1109.574,1724,646,6444,9678.914
2010,7,13,1382.114,2273,2826,7894,10042.213
2010,7,14,1409.472,1064,598,7575,14254.205
2010,7,15,1634.254,1072.122,2180.299,8209.458,15775.681
2010,7,16,820.056,0,568,3854,9245.592
2010,7,17,806.352,0,541,6094,6804.178
2010,7,18,812.038,0,498,3943,9092.97
2010,7,19,801.158,0,549,6105,6698.609
2010,7,20,855.824,9,550,5178,8526.733
2010,7,21,1064.166,2030,585,6178,8943.071
2010,7,22,1164.446,0,2151,5604,11652.431
2010,7,23,1176.158,897,2106,8295,8304.647
2010,7,24,921.668,0,2096,3892,9373.186
2010,7,25,1130.41,0,3732,7549,7559.187
2010,7,26,884.15,0,2246,4147,8342.848
2010,7,27,952.36,907,523,4042,10400.671
2010,7,28,862.654,801,544,7232,5800.577
2010,7,29,549.104,0,537,4158,4456.726
2010,7,30,551.26,0,534,4087,4566.696
2010,7,31,554.616,0,548,4272,4423.634
2010,8,1,555.664,0,558,4263,4440.129
2010,8,2,549.482,0,536,4191,4431.012
2010,8,3,615.212,0,527,4096,5630.557
2010,8,4,543.356,0,532,4116,4407.969
2010,8,5,533.476,0,517,4013,4361.248
2010,8,6,524.746,0,507,3947,4291.788
2010,8,7,527.476,0,520,3968,4303.246
2010,8,8,528.46,0,526,3958,4323.618
2010,8,9,535.064,0,515,4042,4360.767
2010,8,10,544.758,0,525,4141,4413.258
2010,8,11,542.002,0,542,4118,4373.364
2010,8,12,529.698,0,514,3982,4332.301
2010,8,13,534.294,0,508,4097,4299.905
2010,8,14,554.27,0,512,4471,4254.802
2010,8,15,1055.986,0,4361,5282,7956.755
2010,8,16,1129.73,1530,463,7328,9507.845
2010,8,17,1172.509,1139.702,972.137,6637.604,10792.427
2010,8,18,1571.926,1615.57,1869.869,9300.164,13413.6
2010,8,19,1571.926,1615.57,1869.869,9300.164,13413.6
2010,8,20,1571.926,1615.57,1869.869,9300.164,13413.6
2010,8,21,1571.926,1615.57,1869.869,9300.164,13413.6
2010,8,22,1499.338,1445.037,1726.494,8618.48,13199.348
2010,8,23,765.658,0,565,6106,6089.969
2010,8,24,722.948,0,541,5712,5796.168
2010,8,25,980.408,969,522,8959,5890.144
2010,8,26,757.252,0,538,5078,7004.891
2010,8,27,2030.65,930,7583,12707,12624.153
2010,8,28,1442.856,2086,549,12983,8429.627
2010,8,29,1668.48,3005,534,13095,11173.986
2010,8,30,1494.802,940,1470,11790,10713.367
2010,8,31,1365.106,2099,1723,7958,10971.759
2010,9,1,1593.318,1947,1194,13990,9424.277
2010,9,2,1392.492,929,500,11785,9994.179
2010,9,3,1346.414,940,523,9747,11230.248
2010,9,4,1743.84,2605,734,13241,12483.994
2010,9,5,1323.018,1609,2732,7471,10238.284
2010,9,6,1422.876,3164,532,10174,9844.576
2010,9,7,1451.854,1929,922,11829,9517.555
2010,9,8,1303.812,1,495,7478,13756.173
2010,9,9,1238.714,1813,2128,7016,9688.23
2010,9,10,1328.108,966,654,10773,9742.16
2010,9,11,1463.31,930,1427,8996,13035.509
2010,9,12,1612.092,1805,2080,8891,14092.203
2010,9,13,1076.32,1301,798,6710,9129.678
2010,9,14,1430.678,1874,2705,10270,8995.609
2010,9,15,986.094,0,898,6018,9518.896
2010,9,16,1339.738,1038,739,10310,10241.966
2010,9,17,1497.608,1954,5496,9727,7783.118
2010,9,18,1247.946,982,754,11779,7284.073
2010,9,19,919.6,0,1307,5156,8863.64
2010,9,20,1682.832,3323,766,13262,10696.22
2010,9,21,1111.376,0,679,7969,9874.923
2010,9,22,1510.394,2472,1167,11768,9766.235
2010,9,23,1449.862,1021,755,12002,10386.405
2010,9,24,1327.992,1739,773,8666,10955.221
2010,9,25,1420.311,1350.796,1713.418,8671.971,11936.016
2010,9,26,1571.926,1615.57,1869.869,9300.164,13413.6
2010,9,27,1571.926,1615.57,1869.869,9300.164,13413.6
2010,9,28,1729.058,2237.578,1678.194,8348.59,16553.626
2010,9,29,1684.426,1579,648,13047,12799.754
2010,9,30,1248.278,0,771,7988,12045.647
2010,10,1,1504.82,1752,724,11307,11297.349
2010,10,2,1923.254,3972,741,13532,13809.243
2010,10,3,1830.684,5000,2564,7738,15209.406
2010,10,4,1775.96,1709,722,8252,18916.309
2010,10,5,1854.624,0,3012,12037,15861.4
2010,10,6,1315.456,1016,527,8055,12326.281
2010,10,7,1809.954,2159,543,12666,14797.893
2010,10,8,1510.456,964,710,9927,13573.266
2010,10,9,1611.78,959,1585,13132,11186.989
2010,10,10,1998.904,3325,773,10297,18920.078
2010,10,11,1622.59,1007,5006,8734,12296.159
2010,10,12,1579.692,1104,780,9812,14632.21
2010,10,13,2073.886,1988,611,16593,15372.747
2010,10,14,2135.122,2583,2441,14239,16322.369
2010,10,15,1596.324,712,827,10786,14280.404
2010,10,16,1000.014,0,645,7656,8365.884
2010,10,17,1047.382,995,666,4681,11114.363
2010,10,18,2713.884,2234,10218,16382,16397.408
2010,10,19,1925.978,1025,4110,9461,17503.656
2010,10,20,1727.964,2154,690,10330,15625.413
2010,10,21,1355.198,755,691,6757,14383.625
2010,10,22,1668.892,1106,478,12697,13533.86
2010,10,23,2293.236,3737,3883,13465,17135.619
2010,10,24,2391.64,1983.122,7542.299,13243.458,17091.765
2010,10,25,1163.292,0,541,6748,12099.228
2010,10,26,945.904,0,2488,4989,8288.084
2010,10,27,1260.278,0,2058,8269,10677.643
2010,10,28,1463.326,1103,2627,9087,11571.761
2010,10,29,1204.422,1075,726,3911,14361.682
2010,10,30,2152.7,2353,614,15303,17608.33
2010,10,31,1476.43,1430,678,5589,16910.179
2010,11,1,1383.18,0,634,8746,13673.009
2010,11,2,1191.082,0,574,5784,13493.365
2010,11,3,1293.298,1021,1108,6529,12896.959
2010,11,4,2555.146,6029,11193,10286,15077.759
2010,11,5,1736.088,0,790,12610,15534.809
2010,11,6,1805.408,3255,680,9803,16352.118
2010,11,7,1673.816,1026,621,6943,19306.919
2010,11,8,1825.54,1087,555,13038,15745.686
2010,11,9,2022.098,2097,583,12500,18521.636
2010,11,10,1946.534,1026,5858,13308,12250.222
2010,11,11,1773.592,3424,2216,6259,17660.871
2010,11,12,1836.822,2054,489,10308,17762.718
2010,11,13,2023.174,1051,589,13853,18226.589
2010,11,14,2038.392,5344,549,8758,19322.188
2010,11,15,1747.382,1075,4222,8918,14908.039
2010,11,16,1509.748,0,478,7949,16735.495
2010,11,17,1582.032,1153,491,8915,15808.199
2010,11,18,1652.152,2175,489,9449,15422.864
2010,11,19,1570.4,0,483,11914,13776.339
2010,11,20,2197.006,4367,2947,11433,17869.782
2010,11,21,900.91,0,506,4778,9731.182
2010,11,22,2041.536,4855,2110,10136,16924.607
2010,11,23,1577.536,1871,458,7611,16352.254
2010,11,24,1796.248,1096,2848,12224,13769.468
2010,11,25,1431.164,1076,426,5072,17278.739
2010,11,26,1488.104,1080,385,9989,13347.747
